{
  "med_norm": {
    "8": 106.14877700805664,
    "16": 239.0105743408203
  },
  "read": {
    "comparison": {
      "sae": {
        "8": 0.5,
        "16": 0.875
      },
      "raw": {
        "8": 0.75,
        "16": 0.875
      },
      "frac": {
        "8": 0.5,
        "16": 0.875
      },
      "perm_p": {
        "8": 0.6470588235294118,
        "16": 0.17647058823529413
      },
      "boot_ci": {
        "8": [
          0.125,
          0.875
        ],
        "16": [
          0.625,
          1.0
        ]
      },
      "embed_auroc": 0.5
    }
  },
  "steer": {
    "comparison": {
      "8": {
        "dose": [
          -0.00867462158203125,
          -0.018790245056152344,
          -0.04194068908691406
        ],
        "fixed12": [
          -0.021627426147460938,
          -0.04670143127441406,
          0.052857398986816406
        ],
        "rank_p": 0.6,
        "sustained": false,
        "ci4_mean": [
          -0.04663991332054138,
          0.0029966533184050946
        ],
        "shifts4": [
          -0.06108283996582031,
          -0.04717254638671875,
          -0.036708831787109375,
          -0.06364250183105469,
          -0.051822662353515625,
          0.025960922241210938,
          0.03309059143066406,
          0.019855499267578125
        ],
        "nulls": [
          -0.041934967041015625,
          0.05920600891113281,
          -0.2649078369140625,
          -0.2649078369140625
        ],
        "base_scale": 5.329409912551855
      },
      "16": {
        "dose": [
          0.037558555603027344,
          0.07226181030273438,
          0.13501453399658203
        ],
        "fixed12": [
          0.037558555603027344,
          0.07226181030273438,
          0.13501453399658203
        ],
        "rank_p": 0.2,
        "sustained": true,
        "ci4_mean": [
          0.13396615982055665,
          0.1389980733394623
        ],
        "shifts4": [
          0.13651275634765625,
          0.13588523864746094,
          0.1457366943359375,
          0.13414382934570312,
          0.13607025146484375,
          0.13397216796875,
          0.13278961181640625,
          0.13273048400878906
        ],
        "nulls": [
          0.11875438690185547,
          -0.0980682373046875,
          0.135009765625,
          -0.1516733169555664
        ],
        "base_scale": 12.0
      }
    }
  },
  "controls": {
    "shuffled_comparison_L16": 0.0
  }
}